"Date","Price","Open","High","Low","Vol.","Change %"
"04/15/2025","19.85","20.20","20.47","19.81","64.06M","-2.26%"
"04/14/2025","20.31","20.59","21.05","19.98","101.96M","2.89%"
"04/11/2025","19.74","19.25","19.80","18.17","128.43M","-0.70%"
"04/10/2025","19.88","20.67","20.82","19.16","129.06M","-7.66%"
"04/09/2025","21.53","18.07","21.73","17.98","224.18M","18.75%"
"04/08/2025","18.13","20.06","20.39","17.67","163.98M","-7.36%"
"04/07/2025","19.57","19.14","20.67","18.56","142.49M","-1.41%"
"04/04/2025","19.85","21.70","22.20","19.70","175.01M","-11.50%"
"04/03/2025","22.43","21.40","23.90","20.86","242.97M","2.05%"
"04/02/2025","21.98","21.89","22.38","21.70","58.88M","-0.32%"
"04/01/2025","22.05","22.56","22.62","21.66","64.06M","-2.91%"
"03/31/2025","22.71","22.38","22.75","21.75","65.83M","0.00%"
"03/28/2025","22.71","23.35","23.58","22.56","58.37M","-3.85%"
"03/27/2025","23.62","23.28","23.76","22.85","57.72M","0.85%"
"03/26/2025","23.42","24.25","24.42","23.25","59.68M","-3.22%"
"03/25/2025","24.20","24.17","24.75","24.11","51.74M","-0.08%"
"03/24/2025","24.22","24.72","24.99","24.13","69.17M","-0.16%"
"03/21/2025","24.26","23.60","24.70","23.49","94.11M","1.25%"
"03/20/2025","23.96","23.77","24.31","23.73","68.94M","-0.66%"
"03/19/2025","24.12","24.90","25.23","24.03","135.49M","-6.94%"
"03/18/2025","25.92","25.55","26.41","25.39","132.49M","0.90%"
"03/17/2025","25.69","24.42","26.15","24.37","160.72M","6.82%"
"03/14/2025","24.05","23.67","24.37","23.52","116.90M","1.48%"
"03/13/2025","23.70","23.50","24.53","23.13","243.26M","14.60%"
"03/12/2025","20.68","20.79","21.17","20.21","128.67M","4.55%"
"03/11/2025","19.78","19.97","20.06","19.29","80.79M","-0.75%"
"03/10/2025","19.93","20.24","20.51","19.65","82.76M","-3.44%"
"03/07/2025","20.64","20.27","21.20","20.11","81.10M","-0.53%"
"03/06/2025","20.75","20.26","21.13","20.00","96.47M","-0.29%"
"03/05/2025","20.81","21.33","21.36","20.18","127.22M","-2.44%"
"03/04/2025","21.33","22.54","22.63","20.76","152.18M","-6.20%"
"03/03/2025","22.74","25.00","25.04","22.52","141.35M","-4.17%"
"02/28/2025","23.73","23.02","24.44","22.64","104.13M","2.77%"
"02/27/2025","23.09","23.70","24.40","23.07","97.87M","-1.83%"
"02/26/2025","23.52","23.25","23.82","23.21","67.45M","2.31%"
"02/25/2025","22.99","24.21","24.28","22.77","88.89M","-5.27%"
"02/24/2025","24.27","24.55","24.80","23.62","91.36M","-2.41%"
"02/21/2025","24.87","25.96","26.29","24.84","111.63M","-4.68%"
"02/20/2025","26.09","25.56","26.12","24.48","144.94M","1.44%"
"02/19/2025","25.72","25.98","26.33","25.46","151.88M","-6.10%"
"02/18/2025","27.39","24.60","27.55","24.49","284.29M","16.06%"
"02/14/2025","23.60","24.36","25.19","22.86","230.25M","-2.20%"
"02/13/2025","24.13","22.84","24.83","22.79","248.66M","7.34%"
"02/12/2025","22.48","21.98","22.56","20.93","162.63M","7.20%"
"02/11/2025","20.97","19.87","21.88","19.86","150.96M","6.07%"
"02/10/2025","19.77","19.25","20.08","19.24","73.01M","3.51%"
"02/07/2025","19.10","19.35","19.36","19.03","58.28M","-1.44%"
"02/06/2025","19.38","19.51","19.70","19.22","45.55M","-1.37%"
"02/05/2025","19.65","19.19","19.77","18.91","66.25M","1.87%"
"02/04/2025","19.29","19.10","19.53","19.02","54.10M","-0.46%"
"02/03/2025","19.38","18.97","19.75","18.78","77.52M","-0.26%"
"01/31/2025","19.43","20.10","20.33","19.38","117.47M","-2.90%"
"01/30/2025","20.01","19.72","20.10","19.43","108.17M","1.32%"
"01/29/2025","19.75","19.87","20.08","19.66","86.51M","-0.25%"
"01/28/2025","19.80","20.34","20.34","19.74","73.41M","-2.41%"
"01/27/2025","20.29","20.81","21.06","20.14","83.58M","-2.59%"
"01/24/2025","20.83","21.36","21.41","20.75","66.30M","-3.43%"
"01/23/2025","21.57","21.69","21.75","21.35","55.78M","-1.33%"
"01/22/2025","21.86","21.73","22.28","21.57","60.97M","0.41%"
"01/21/2025","21.77","22.03","22.41","21.75","96.26M","1.30%"
"01/17/2025","21.49","21.26","21.62","20.79","166.48M","9.25%"
"01/16/2025","19.67","19.75","19.95","19.40","44.90M","-0.25%"
"01/15/2025","19.72","19.40","19.77","19.17","56.31M","2.71%"
"01/14/2025","19.20","19.36","19.52","18.82","47.15M","0.00%"
"01/13/2025","19.20","18.92","19.25","18.73","50.67M","0.26%"
"01/10/2025","19.15","19.66","19.66","18.91","71.24M","-3.67%"
"01/08/2025","19.88","19.83","20.12","19.71","47.90M","-0.65%"
"01/07/2025","20.01","20.02","20.34","19.90","61.73M","0.70%"
"01/06/2025","19.87","20.83","20.98","19.78","83.27M","-3.36%"
"01/03/2025","20.56","20.39","20.67","20.06","48.98M","1.68%"
"01/02/2025","20.22","20.23","20.43","20.00","46.44M","0.85%"
"12/31/2024","20.05","19.99","20.40","19.88","49.85M","1.16%"
"12/30/2024","19.82","20.01","20.11","19.73","59.61M","-2.36%"
"12/27/2024","20.30","20.21","20.60","20.09","48.26M","-0.68%"
"12/26/2024","20.44","20.23","20.67","20.08","39.95M","0.20%"
"12/24/2024","20.40","20.22","20.40","19.96","29.88M","0.99%"
"12/23/2024","20.20","19.58","20.23","19.52","57.99M","3.48%"
"12/20/2024","19.52","18.97","19.76","18.90","108.45M","2.41%"
"12/19/2024","19.06","19.53","19.69","19.03","69.12M","-1.24%"
"12/18/2024","19.30","20.48","20.58","19.21","86.04M","-5.58%"
"12/17/2024","20.44","20.64","20.77","20.29","51.77M","-1.87%"
"12/16/2024","20.83","20.17","21.10","20.00","73.83M","2.41%"
"12/13/2024","20.34","20.60","20.80","20.25","55.10M","-2.12%"
"12/12/2024","20.78","20.02","20.90","19.92","77.70M","3.28%"
"12/11/2024","20.12","20.14","20.25","19.87","75.21M","-0.20%"
"12/10/2024","20.16","20.83","20.86","19.96","90.01M","-3.12%"
"12/09/2024","20.81","20.92","21.06","20.73","68.82M","-0.53%"
"12/06/2024","20.92","20.95","21.05","20.66","78.54M","0.58%"
"12/05/2024","20.80","22.04","22.19","20.66","167.99M","-5.28%"
"12/04/2024","21.96","22.53","22.54","21.81","104.65M","-2.27%"
"12/03/2024","22.47","23.68","23.75","22.44","138.16M","-6.10%"
"12/02/2024","23.93","24.84","25.48","23.44","150.50M","-0.50%"
"11/29/2024","24.05","23.72","24.28","23.60","36.62M","1.69%"
"11/27/2024","23.65","23.83","23.93","23.06","53.99M","-1.66%"
"11/26/2024","24.05","24.95","24.99","23.81","69.61M","-3.30%"
"11/25/2024","24.87","25.04","25.57","24.76","91.13M","1.51%"
"11/22/2024","24.50","24.35","24.68","24.14","36.79M","0.25%"
"11/21/2024","24.44","24.08","24.77","23.83","58.93M","1.79%"
"11/20/2024","24.01","24.07","24.21","23.55","50.19M","-0.79%"
"11/19/2024","24.20","24.50","24.54","24.09","61.19M","-2.58%"
"11/18/2024","24.84","24.33","25.02","24.16","59.67M","2.01%"
"11/15/2024","24.35","24.81","24.82","24.23","55.11M","-2.72%"
"11/14/2024","25.03","25.12","25.61","24.93","49.25M","0.44%"
"11/13/2024","24.92","24.06","25.14","24.02","58.20M","3.15%"
"11/12/2024","24.16","24.66","24.96","23.89","62.54M","-3.55%"
"11/11/2024","25.05","25.96","26.29","24.83","80.19M","-4.39%"
"11/08/2024","26.20","26.00","26.43","25.83","76.43M","-0.11%"
"11/07/2024","26.23","25.43","26.38","25.19","101.49M","4.71%"
"11/06/2024","25.05","24.30","25.12","24.05","116.76M","7.42%"
"11/05/2024","23.32","22.58","23.58","22.40","59.15M","3.55%"
"11/04/2024","22.52","22.96","23.00","22.00","84.62M","-2.93%"
"11/01/2024","23.20","23.00","23.58","21.91","173.47M","7.81%"
"10/31/2024","21.52","22.15","22.25","21.47","112.49M","-3.50%"
"10/30/2024","22.30","22.42","22.93","22.26","50.94M","-2.62%"
"10/29/2024","22.90","22.87","23.14","22.41","83.42M","-0.09%"
"10/28/2024","22.92","22.67","23.27","22.56","41.92M","1.06%"
"10/25/2024","22.68","22.42","23.34","22.41","67.50M","1.52%"
"10/24/2024","22.34","22.09","22.36","21.97","40.55M","1.64%"
"10/23/2024","21.98","22.30","22.42","21.58","45.80M","-1.88%"
"10/22/2024","22.40","22.73","22.82","22.17","50.16M","-1.93%"
"10/21/2024","22.84","22.61","22.88","22.25","39.73M","0.31%"
"10/18/2024","22.77","22.61","22.82","22.50","39.97M","1.47%"
"10/17/2024","22.44","22.72","22.82","22.40","43.81M","0.58%"
"10/16/2024","22.31","22.38","22.54","21.74","62.15M","-1.54%"
"10/15/2024","22.66","23.41","23.72","22.47","68.90M","-3.33%"
"10/14/2024","23.44","23.58","23.77","23.27","35.40M","-0.51%"
"10/11/2024","23.56","23.05","23.82","22.98","43.59M","1.46%"
"10/10/2024","23.22","23.19","23.53","22.96","44.88M","-1.02%"
"10/09/2024","23.46","23.25","23.48","23.06","44.76M","0.60%"
"10/08/2024","23.32","22.25","23.42","22.05","58.65M","4.20%"
"10/07/2024","22.38","22.40","22.65","22.02","54.93M","-0.93%"
"10/04/2024","22.59","22.70","22.91","22.30","49.97M","1.48%"
"10/03/2024","22.26","22.14","22.73","21.65","49.57M","-0.58%"
"10/02/2024","22.39","22.67","23.07","22.35","59.03M","-1.32%"
"10/01/2024","22.69","23.46","23.72","22.25","86.34M","-3.28%"
"09/30/2024","23.46","23.74","23.95","23.09","66.46M","-1.88%"
"09/27/2024","23.91","24.16","24.66","23.70","85.88M","-0.04%"
"09/26/2024","23.92","24.28","24.42","23.25","95.42M","1.61%"
"09/25/2024","23.54","22.80","24.06","22.73","117.01M","3.20%"
"09/24/2024","22.81","22.53","23.10","22.28","113.08M","1.11%"
"09/23/2024","22.56","22.43","22.82","22.03","184.44M","3.30%"
"09/20/2024","21.84","20.89","23.14","20.35","260.38M","3.31%"
"09/19/2024","21.14","21.28","21.69","21.03","99.83M","1.78%"
"09/18/2024","20.77","21.36","21.74","20.72","118.73M","-3.26%"
"09/17/2024","21.47","21.71","22.58","21.24","196.25M","2.68%"
"09/16/2024","20.91","20.03","21.07","19.76","149.34M","6.36%"
"09/13/2024","19.66","19.49","19.80","19.49","44.24M","1.55%"
"09/12/2024","19.36","19.43","19.54","19.04","51.60M","-1.43%"
"09/11/2024","19.64","19.01","19.69","18.52","71.40M","3.48%"
"09/10/2024","18.98","19.03","19.11","18.51","55.62M","-0.47%"
"09/09/2024","19.07","19.00","19.54","18.95","64.24M","0.95%"
"09/06/2024","18.89","19.44","19.49","18.64","92.69M","-2.63%"
"09/05/2024","19.40","19.28","19.90","19.24","65.39M","-0.15%"
"09/04/2024","19.43","19.76","20.05","19.28","85.87M","-3.33%"
"09/03/2024","20.10","21.54","21.69","19.99","115.31M","-8.80%"
"08/30/2024","22.04","21.25","22.12","21.00","177.78M","9.49%"
"08/29/2024","20.13","19.76","20.60","19.75","64.53M","2.65%"
"08/28/2024","19.61","19.98","20.10","19.51","50.15M","-2.29%"
"08/27/2024","20.07","20.13","20.26","19.84","43.86M","-0.30%"
"08/26/2024","20.13","20.53","20.56","19.95","58.54M","-2.00%"
"08/23/2024","20.54","20.32","20.93","20.26","73.40M","2.19%"
"08/22/2024","20.10","21.39","21.40","20.04","81.45M","-6.12%"
"08/21/2024","21.41","21.07","21.44","21.07","57.03M","2.00%"
"08/20/2024","20.99","21.21","21.23","20.82","84.16M","-2.46%"
"08/19/2024","21.52","20.89","21.86","20.83","65.96M","3.11%"
"08/16/2024","20.87","20.53","20.90","20.41","48.58M","0.87%"
"08/15/2024","20.69","20.32","21.06","20.23","84.82M","3.87%"
"08/14/2024","19.92","20.49","20.50","19.78","56.76M","-2.69%"
"08/13/2024","20.47","19.48","20.48","19.47","77.51M","5.73%"
"08/12/2024","19.36","19.87","19.97","19.00","54.68M","-1.78%"
"08/09/2024","19.71","20.08","20.15","19.50","76.40M","-3.81%"
"08/08/2024","20.49","19.10","20.55","18.84","96.84M","7.90%"
"08/07/2024","18.99","19.92","20.25","18.95","97.97M","-4.24%"
"08/06/2024","19.83","20.32","20.63","19.75","106.67M","-1.39%"
"08/05/2024","20.11","20.20","20.39","19.29","147.39M","-6.38%"
"08/02/2024","21.48","21.94","21.98","20.42","300.90M","-26.06%"
"08/01/2024","29.05","30.43","30.71","28.89","107.67M","-5.50%"
"07/31/2024","30.74","30.54","30.87","30.28","56.11M","2.02%"
"07/30/2024","30.13","30.84","30.91","30.00","48.26M","-2.27%"
"07/29/2024","30.83","31.42","31.47","30.79","32.34M","-1.66%"
"07/26/2024","31.35","31.43","31.56","31.02","38.35M","0.80%"
"07/25/2024","31.10","31.37","31.99","30.95","49.77M","-1.89%"
"07/24/2024","31.70","32.53","32.80","31.66","62.22M","-3.79%"
"07/23/2024","32.95","32.96","33.23","32.83","29.47M","-1.26%"
"07/22/2024","33.37","33.28","33.41","32.76","48.50M","1.18%"
"07/19/2024","32.98","34.56","34.58","32.85","69.63M","-5.42%"
"07/18/2024","34.87","34.96","36.30","34.53","84.19M","1.19%"
"07/17/2024","34.46","36.08","37.16","34.40","112.30M","0.35%"
"07/16/2024","34.34","34.36","34.45","33.83","28.41M","-0.35%"
"07/15/2024","34.46","34.70","35.22","34.31","39.85M","-0.09%"
"07/12/2024","34.49","33.77","35.47","33.77","62.79M","2.96%"
"07/11/2024","33.50","35.03","35.15","33.31","55.21M","-3.93%"
"07/10/2024","34.87","34.44","34.97","34.13","52.26M","0.81%"
"07/09/2024","34.59","35.01","35.22","33.72","97.79M","1.77%"
"07/08/2024","33.99","33.03","34.09","32.82","82.32M","6.15%"
"07/05/2024","32.02","31.40","32.34","31.31","45.31M","2.53%"
"07/03/2024","31.23","31.12","31.34","30.91","24.07M","0.51%"
"07/02/2024","31.07","30.85","31.31","30.58","36.00M","0.75%"
"07/01/2024","30.84","30.91","31.02","30.61","32.40M","-0.42%"
"06/28/2024","30.97","30.75","31.31","30.72","41.47M","1.24%"
"06/27/2024","30.59","30.42","30.66","30.28","30.18M","0.16%"
"06/26/2024","30.54","30.64","30.68","30.27","30.74M","-0.65%"
"06/25/2024","30.74","30.70","30.83","30.29","29.50M","0.56%"
"06/24/2024","30.57","31.14","31.42","30.53","40.61M","-1.67%"
"06/21/2024","31.09","30.85","31.36","30.67","92.55M","1.53%"
"06/20/2024","30.62","30.56","31.11","30.45","43.83M","-0.03%"
"06/18/2024","30.63","30.99","31.47","30.50","33.30M","-1.13%"
"06/17/2024","30.98","30.34","31.00","30.18","36.24M","1.74%"
"06/14/2024","30.45","30.28","30.56","30.21","28.13M","-0.03%"
"06/13/2024","30.46","30.38","30.58","30.14","33.79M","-0.98%"
"06/12/2024","30.76","31.45","31.48","30.39","51.32M","-0.52%"
"06/11/2024","30.92","30.77","31.03","30.53","25.33M","0.03%"
"06/10/2024","30.91","30.55","30.95","30.28","37.45M","0.55%"
"06/07/2024","30.74","30.25","30.78","30.20","34.09M","1.05%"
"06/06/2024","30.42","30.55","30.59","30.16","34.25M","-1.17%"
"06/05/2024","30.78","30.27","30.83","30.01","44.16M","2.50%"
"06/04/2024","30.03","30.75","30.75","29.94","51.03M","-0.86%"
"06/03/2024","30.29","31.03","31.07","30.05","35.55M","-1.82%"
"05/31/2024","30.85","30.22","30.96","29.94","95.80M","2.19%"
"05/30/2024","30.19","30.21","30.50","30.06","33.38M","0.20%"
"05/29/2024","30.13","30.47","30.67","30.10","35.85M","-2.99%"
"05/28/2024","31.06","30.94","31.37","30.66","36.80M","1.11%"
"05/24/2024","30.72","30.29","31.02","30.13","42.43M","2.13%"
"05/23/2024","30.08","31.44","31.57","29.87","62.02M","-4.26%"
"05/22/2024","31.42","31.91","32.07","31.09","36.71M","-1.01%"
"05/21/2024","31.74","31.98","32.24","31.62","42.98M","-1.12%"
"05/20/2024","32.10","31.85","32.42","31.76","31.99M","0.85%"
"05/17/2024","31.83","32.06","32.11","31.59","41.45M","-0.62%"
"05/16/2024","32.03","31.63","32.26","31.52","47.75M","2.43%"
"05/15/2024","31.27","31.38","31.40","30.81","36.99M","0.71%"
"05/14/2024","31.05","30.62","31.11","30.61","47.76M","1.77%"
"05/13/2024","30.51","30.03","31.13","30.00","51.46M","2.21%"
"05/10/2024","29.85","30.33","30.45","29.84","42.93M","-0.80%"
"05/09/2024","30.09","29.93","30.39","29.81","45.00M","0.30%"
"05/08/2024","30.00","30.00","30.15","29.73","63.74M","-2.22%"
"05/07/2024","30.68","31.09","31.45","30.61","44.68M","-0.94%"
"05/06/2024","30.97","31.11","31.20","30.73","36.19M","0.23%"
"05/03/2024","30.90","30.98","31.06","30.70","36.80M","1.28%"
"05/02/2024","30.51","30.59","30.67","30.19","50.90M","0.46%"
"05/01/2024","30.37","30.17","31.03","30.02","60.66M","-0.33%"
"04/30/2024","30.47","31.04","31.17","30.42","72.35M","-2.84%"
"04/29/2024","31.36","31.86","31.91","31.07","58.53M","-1.63%"
"04/26/2024","31.88","31.78","32.24","30.64","119.74M","-9.20%"
"04/25/2024","35.11","34.56","35.29","34.50","66.55M","1.77%"
"04/24/2024","34.50","34.86","35.18","34.34","53.26M","0.64%"
"04/23/2024","34.28","34.33","34.60","34.18","46.83M","-0.38%"
"04/22/2024","34.41","34.42","34.57","34.08","39.91M","0.61%"
"04/19/2024","34.20","35.13","35.13","34.18","59.07M","-2.40%"
"04/18/2024","35.04","35.42","35.66","34.77","42.33M","-1.79%"
"04/17/2024","35.68","36.10","36.13","35.37","41.17M","-1.60%"
"04/16/2024","36.26","36.27","36.51","35.76","30.61M","-0.14%"
"04/15/2024","36.31","36.04","36.70","35.89","50.75M","1.74%"
"04/12/2024","35.69","36.69","36.70","35.60","80.26M","-5.16%"
"04/11/2024","37.63","37.43","37.67","37.08","41.91M","1.16%"
"04/10/2024","37.20","38.02","38.22","37.02","51.11M","-2.95%"
"04/09/2024","38.33","38.05","38.58","37.33","78.78M","0.92%"
"04/08/2024","37.98","38.64","38.86","37.91","56.97M","-1.89%"
"04/05/2024","38.71","39.35","39.46","38.51","67.26M","-2.57%"
"04/04/2024","39.73","40.59","40.78","39.70","57.31M","-1.49%"
"04/03/2024","40.33","41.40","41.65","40.22","83.72M","-8.22%"
"04/02/2024","43.94","43.92","44.08","43.50","32.75M","-1.30%"
"04/01/2024","44.52","44.29","45.41","44.18","31.71M","0.79%"
"03/28/2024","44.17","43.76","44.60","43.71","54.20M","0.91%"
"03/27/2024","43.77","42.54","43.83","42.50","51.02M","4.24%"
"03/26/2024","41.99","41.95","42.26","41.65","39.11M","0.38%"
"03/25/2024","41.83","40.89","42.22","40.57","47.28M","-1.74%"
"03/22/2024","42.57","42.25","42.80","42.09","28.50M","0.35%"
"03/21/2024","42.42","42.99","43.60","42.32","50.81M","0.52%"
"03/20/2024","42.20","42.99","43.01","41.41","74.87M","0.36%"
"03/19/2024","42.05","42.25","42.29","41.44","34.67M","-1.55%"
"03/18/2024","42.71","43.09","43.38","42.60","27.67M","0.16%"
"03/15/2024","42.64","42.45","43.15","42.35","66.95M","-0.26%"
"03/14/2024","42.75","43.23","43.35","42.51","38.10M","-1.11%"
"03/13/2024","43.23","44.51","44.98","43.20","53.20M","-4.44%"
"03/12/2024","45.24","45.06","45.26","44.46","31.80M","0.85%"
"03/11/2024","44.86","43.87","44.93","43.66","35.05M","1.95%"
"03/08/2024","44.00","46.44","46.63","44.00","54.92M","-4.66%"
"03/07/2024","46.15","45.55","46.42","45.18","50.38M","3.68%"
"03/06/2024","44.51","43.93","45.51","43.56","52.65M","3.13%"
"03/05/2024","43.16","44.56","44.87","42.69","56.66M","-5.37%"
"03/04/2024","45.61","44.27","46.61","43.85","59.99M","4.08%"
"03/01/2024","43.82","43.41","44.27","43.13","41.43M","1.79%"
"02/29/2024","43.05","42.37","43.15","42.36","48.88M","2.52%"
"02/28/2024","41.99","42.44","42.45","41.91","26.93M","-1.73%"
"02/27/2024","42.73","43.25","43.26","42.51","25.13M","-0.60%"
"02/26/2024","42.99","43.50","43.68","42.82","27.04M","0.00%"
"02/23/2024","42.99","43.13","43.51","42.66","33.81M","0.02%"
"02/22/2024","42.98","44.68","44.68","42.53","62.81M","-1.13%"
"02/21/2024","43.47","44.48","44.69","43.08","57.72M","-2.36%"
"02/20/2024","44.52","44.26","45.17","43.42","61.51M","2.32%"
"02/16/2024","43.51","44.03","44.22","43.12","29.98M","-1.23%"
"02/15/2024","44.05","44.76","45.27","44.02","44.03M","-0.32%"
"02/14/2024","44.19","43.82","44.29","43.39","36.19M","2.39%"
"02/13/2024","43.16","43.00","43.63","42.76","36.62M","-1.98%"
"02/12/2024","44.03","43.39","45.04","43.32","51.11M","1.66%"
"02/09/2024","43.31","42.55","43.52","42.40","51.19M","1.91%"
"02/08/2024","42.50","42.72","42.97","42.33","33.21M","-0.65%"
"02/07/2024","42.78","42.89","43.10","42.55","34.27M","0.09%"
"02/06/2024","42.74","42.70","42.78","42.14","34.07M","-0.07%"
"02/05/2024","42.77","42.62","43.15","42.42","28.89M","0.40%"
"02/02/2024","42.60","43.00","43.14","41.60","53.68M","-1.75%"
"02/01/2024","43.36","43.15","43.57","42.49","38.82M","0.65%"
"01/31/2024","43.08","42.57","43.78","42.36","51.58M","0.37%"
"01/30/2024","42.92","43.67","43.82","42.89","47.96M","-2.10%"
"01/29/2024","43.84","43.71","43.99","42.81","51.79M","0.44%"
"01/26/2024","43.65","44.18","45.41","43.35","127.67M","-11.91%"
"01/25/2024","49.55","50.00","50.30","48.97","84.85M","0.94%"
"01/24/2024","49.09","49.17","49.77","48.26","49.38M","0.41%"
"01/23/2024","48.89","48.12","48.94","47.32","37.22M","1.39%"
"01/22/2024","48.22","48.85","49.17","47.64","45.64M","0.15%"
"01/19/2024","48.15","47.00","48.76","46.44","55.98M","3.02%"
"01/18/2024","46.74","47.03","47.57","46.17","46.68M","1.48%"
"01/17/2024","46.06","46.42","46.42","45.65","33.49M","-2.12%"
"01/16/2024","47.06","46.98","47.22","46.38","43.72M","-0.13%"
"01/12/2024","47.12","47.60","47.67","46.61","27.59M","-1.09%"
"01/11/2024","47.64","47.44","47.84","46.73","31.71M","0.36%"
"01/10/2024","47.47","48.24","48.30","46.94","31.48M","-1.21%"
"01/09/2024","48.05","48.01","48.56","47.79","30.10M","-0.83%"
"01/08/2024","48.45","47.07","48.76","46.97","42.14M","3.33%"
"01/05/2024","46.89","47.03","47.83","46.63","34.34M","0.04%"
"01/04/2024","46.87","45.72","47.16","45.24","47.80M","-0.38%"
"01/03/2024","47.05","47.10","47.81","46.80","35.86M","-1.57%"
"01/02/2024","47.80","49.20","49.38","47.45","45.91M","-4.88%"
"12/29/2023","50.25","50.30","50.57","49.77","29.29M","-0.28%"
"12/28/2023","50.39","50.81","50.87","50.16","27.71M","-0.73%"
"12/27/2023","50.76","50.63","51.28","50.19","52.15M","0.51%"
"12/26/2023","50.50","48.92","50.51","48.71","60.29M","5.21%"
"12/22/2023","48.00","47.25","48.16","47.20","30.10M","1.95%"
"12/21/2023","47.08","46.48","47.12","46.02","28.32M","2.88%"
"12/20/2023","45.76","46.64","46.95","45.70","38.16M","-1.93%"
"12/19/2023","46.66","45.60","46.68","45.51","35.36M","2.12%"
"12/18/2023","45.69","46.15","46.23","45.40","27.90M","-1.02%"
"12/15/2023","46.16","45.94","47.27","45.67","84.58M","2.17%"
"12/14/2023","45.18","45.01","47.07","44.65","70.62M","1.37%"
"12/13/2023","44.57","44.08","44.72","43.33","35.22M","1.20%"
"12/12/2023","44.04","44.36","44.44","43.63","31.45M","-1.12%"
"12/11/2023","44.54","43.16","44.73","43.08","48.29M","4.31%"
"12/08/2023","42.70","41.84","42.96","41.81","42.82M","1.30%"
"12/07/2023","42.15","41.75","42.44","41.18","29.12M","2.13%"
"12/06/2023","41.27","42.48","42.59","41.17","31.99M","-1.55%"
"12/05/2023","41.92","41.91","42.29","41.61","31.86M","-1.02%"
"12/04/2023","42.35","43.30","43.31","41.69","50.42M","-3.18%"
"12/01/2023","43.74","44.36","44.36","42.86","43.93M","-2.15%"
"11/30/2023","44.70","44.65","45.09","44.41","46.26M","-0.53%"
"11/29/2023","44.94","44.60","45.34","44.60","38.98M","1.61%"
"11/28/2023","44.23","43.69","44.38","43.66","24.55M","0.34%"
"11/27/2023","44.08","43.65","44.54","43.65","33.34M","0.27%"
"11/24/2023","43.96","43.68","44.00","43.61","13.04M","0.66%"
"11/22/2023","43.67","44.03","44.63","43.54","31.49M","0.07%"
"11/21/2023","43.64","44.50","44.66","43.30","37.25M","-2.46%"
"11/20/2023","44.74","43.78","44.93","43.78","44.60M","2.12%"
"11/17/2023","43.81","42.91","43.81","42.56","49.75M","1.06%"
"11/16/2023","43.35","41.00","43.40","40.82","86.41M","6.75%"
"11/15/2023","40.61","39.58","40.84","39.58","47.39M","3.04%"
"11/14/2023","39.41","38.80","39.49","38.07","45.46M","3.09%"
"11/13/2023","38.23","38.35","38.56","38.14","24.56M","-1.62%"
"11/10/2023","38.86","38.24","38.99","38.24","38.87M","2.80%"
"11/09/2023","37.80","38.05","38.51","37.77","48.96M","-0.32%"
"11/08/2023","37.92","38.85","38.89","37.75","33.48M","-2.19%"
"11/07/2023","38.77","38.24","38.90","37.98","32.05M","2.16%"
"11/06/2023","37.95","38.02","38.20","37.85","23.88M","-0.50%"
"11/03/2023","38.14","38.00","38.32","37.67","30.50M","1.17%"
"11/02/2023","37.70","37.58","37.82","36.91","35.44M","1.10%"
"11/01/2023","37.29","36.50","37.31","36.28","41.71M","2.16%"
"10/31/2023","36.50","35.66","36.57","35.62","41.19M","2.27%"
"10/30/2023","35.69","35.47","35.96","34.92","36.66M","0.42%"
"10/27/2023","35.54","34.66","36.38","34.60","84.13M","9.29%"
"10/26/2023","32.52","32.89","33.22","32.15","59.14M","-0.94%"
"10/25/2023","32.83","34.18","34.45","32.55","44.66M","-5.09%"
"10/24/2023","34.59","33.64","34.71","33.64","52.67M","2.19%"
"10/23/2023","33.85","34.60","35.19","33.39","53.93M","-3.06%"
"10/20/2023","34.92","35.65","36.28","34.87","32.30M","-2.10%"
"10/19/2023","35.67","35.96","36.36","35.52","29.20M","0.08%"
"10/18/2023","35.64","35.52","36.02","35.45","22.09M","-1.16%"
"10/17/2023","36.06","35.92","36.35","35.07","24.99M","-1.37%"
"10/16/2023","36.56","36.14","36.94","36.08","29.56M","1.64%"
"10/13/2023","35.97","36.74","36.79","35.86","28.41M","-2.36%"
"10/12/2023","36.84","36.80","37.22","36.39","23.64M","-0.11%"
"10/11/2023","36.88","36.62","37.03","36.38","19.26M","1.24%"
"10/10/2023","36.43","36.14","36.74","35.81","24.04M","1.03%"
"10/09/2023","36.06","35.70","36.17","35.50","19.38M","-0.36%"
"10/06/2023","36.19","35.87","36.46","35.18","33.26M","0.84%"
"10/05/2023","35.89","35.97","36.10","35.60","25.77M","-0.11%"
"10/04/2023","35.93","36.52","36.52","35.33","39.84M","0.67%"
"10/03/2023","35.69","35.26","36.54","35.26","45.29M","0.65%"
"10/02/2023","35.46","35.61","35.97","34.98","26.09M","-0.25%"
"09/29/2023","35.55","35.65","35.91","35.15","28.76M","1.05%"
"09/28/2023","35.18","34.65","35.66","34.38","32.27M","1.65%"
"09/27/2023","34.61","33.92","34.83","33.88","44.37M","2.31%"
"09/26/2023","33.83","34.14","34.78","33.64","34.20M","-1.34%"
"09/25/2023","34.29","34.00","34.37","33.76","21.73M","0.32%"
"09/22/2023","34.18","34.81","34.88","34.14","29.24M","-1.36%"
"09/21/2023","34.65","34.57","35.25","34.46","45.24M","-0.12%"
"09/20/2023","34.69","36.22","36.25","34.63","57.66M","-4.54%"
"09/19/2023","36.34","38.04","38.10","36.02","53.29M","-4.34%"
"09/18/2023","37.99","37.62","38.39","37.51","29.32M","0.29%"
"09/15/2023","37.88","38.42","38.52","37.62","68.88M","-2.04%"
"09/14/2023","38.67","38.81","38.90","38.29","30.62M","-0.10%"
"09/13/2023","38.71","38.80","39.15","38.25","35.41M","-0.39%"
"09/12/2023","38.86","38.65","40.07","38.65","55.33M","0.70%"
"09/11/2023","38.59","38.24","38.74","37.84","36.35M","1.53%"
"09/08/2023","38.01","38.12","38.83","37.71","44.27M","-0.45%"
"09/07/2023","38.18","36.83","38.34","36.75","67.66M","3.24%"
"09/06/2023","36.98","36.56","37.04","36.03","39.64M","0.74%"
"09/05/2023","36.71","36.58","37.41","36.46","43.38M","0.27%"
"09/01/2023","36.61","35.79","36.75","35.73","43.81M","4.18%"
"08/31/2023","35.14","34.32","35.56","34.30","48.16M","1.77%"
"08/30/2023","34.53","34.06","34.66","33.78","26.28M","0.64%"
"08/29/2023","34.31","33.49","34.48","33.47","29.94M","2.05%"
"08/28/2023","33.62","33.50","33.78","33.21","22.34M","1.11%"
"08/25/2023","33.25","32.53","33.40","32.35","27.33M","2.03%"
"08/24/2023","32.59","33.72","34.09","32.49","37.93M","-4.09%"
"08/23/2023","33.98","32.88","34.15","32.80","32.32M","3.31%"
"08/22/2023","32.89","33.22","33.80","32.83","23.43M","-0.75%"
"08/21/2023","33.14","32.60","33.17","32.02","43.72M","1.19%"
"08/18/2023","32.75","32.23","32.91","32.18","23.70M","0.52%"
"08/17/2023","32.58","33.56","33.59","32.35","39.91M","-2.83%"
"08/16/2023","33.53","34.52","34.63","33.46","35.76M","-3.57%"
"08/15/2023","34.77","35.41","35.63","34.75","27.42M","-2.55%"
"08/14/2023","35.68","34.67","35.71","34.47","36.90M","2.26%"
"08/11/2023","34.89","34.46","34.94","34.36","28.78M","0.61%"
"08/10/2023","34.68","34.70","35.09","34.48","30.96M","1.17%"
"08/09/2023","34.28","35.00","35.10","34.23","28.72M","-2.11%"
"08/08/2023","35.02","34.67","35.10","33.86","34.75M","-0.60%"
"08/07/2023","35.23","35.41","35.55","34.75","22.49M","0.26%"
"08/04/2023","35.14","34.48","35.56","34.48","26.68M","0.77%"
"08/03/2023","34.87","34.29","35.03","34.13","24.86M","1.40%"
"08/02/2023","34.39","35.15","35.18","34.28","39.05M","-3.94%"
"08/01/2023","35.80","35.82","36.02","35.28","24.74M","0.08%"
"07/31/2023","35.77","36.87","37.19","35.67","55.63M","-2.88%"
"07/28/2023","36.83","36.75","36.99","35.51","90.86M","6.60%"
"07/27/2023","34.55","34.82","35.03","34.11","58.89M","0.55%"
"07/26/2023","34.36","33.72","34.53","33.70","32.64M","0.76%"
"07/25/2023","34.10","33.70","34.34","33.40","31.77M","1.40%"
"07/24/2023","33.63","33.84","34.46","33.56","25.28M","-1.15%"
"07/21/2023","34.02","33.72","34.25","33.42","79.74M","1.95%"
"07/20/2023","33.37","33.70","34.21","33.23","37.88M","-3.16%"
"07/19/2023","34.46","34.40","34.83","34.33","26.49M","-0.12%"
"07/18/2023","34.50","34.28","34.70","33.83","29.68M","0.38%"
"07/17/2023","34.37","33.16","34.60","33.07","34.11M","3.68%"
"07/14/2023","33.15","33.78","33.87","33.00","30.44M","-2.13%"
"07/13/2023","33.87","34.15","34.30","33.62","32.75M","-0.32%"
"07/12/2023","33.98","33.69","34.08","33.06","37.76M","2.04%"
"07/11/2023","33.30","32.82","33.36","32.50","28.15M","1.71%"
"07/10/2023","32.74","31.87","32.83","31.77","36.31M","2.79%"
"07/07/2023","31.85","32.00","32.41","31.82","28.36M","-0.38%"
"07/06/2023","31.97","31.90","32.04","31.38","41.71M","-1.66%"
"07/05/2023","32.51","33.31","33.33","32.50","37.67M","-3.30%"
"07/03/2023","33.62","33.54","33.89","33.14","15.75M","0.54%"
"06/30/2023","33.44","33.36","33.56","33.16","33.81M","1.61%"
"06/29/2023","32.91","33.34","33.34","32.49","38.31M","-1.97%"
"06/28/2023","33.57","33.61","33.81","33.03","33.91M","-1.55%"
"06/27/2023","34.10","33.22","34.23","33.01","33.04M","2.28%"
"06/26/2023","33.34","33.19","33.99","33.10","38.95M","1.03%"
"06/23/2023","33.00","32.21","33.45","32.03","46.33M","0.89%"
"06/22/2023","32.71","32.69","33.24","32.13","45.74M","-0.58%"
"06/21/2023","32.90","34.92","35.05","32.83","70.97M","-6.00%"
"06/20/2023","35.00","36.77","37.11","34.72","65.97M","-3.77%"
"06/16/2023","36.37","36.36","36.79","35.60","110.24M","1.54%"
"06/15/2023","35.82","35.28","36.42","35.22","67.68M","0.67%"
"06/14/2023","35.58","33.87","35.60","33.80","74.40M","4.92%"
"06/13/2023","33.91","33.77","33.95","33.07","51.99M","2.54%"
"06/12/2023","33.07","31.40","33.30","31.36","59.93M","5.52%"
"06/09/2023","31.34","31.93","31.99","30.68","40.23M","-1.51%"
"06/08/2023","31.82","31.43","31.85","31.06","35.20M","1.73%"
"06/07/2023","31.28","31.03","31.37","30.93","39.10M","1.03%"
"06/06/2023","30.96","29.77","31.45","29.69","42.30M","3.68%"
"06/05/2023","29.86","31.31","31.40","29.83","48.24M","-4.63%"
"06/02/2023","31.31","31.40","31.59","30.83","36.52M","0.58%"
"06/01/2023","31.13","31.80","31.94","31.02","52.67M","-0.99%"
"05/31/2023","31.44","29.70","32.29","29.67","136.24M","4.83%"
"05/30/2023","29.99","29.70","30.04","29.00","54.88M","3.41%"
"05/26/2023","29.00","27.44","29.09","27.10","71.91M","5.84%"
"05/25/2023","27.40","28.29","28.29","26.85","78.01M","-5.52%"
"05/24/2023","29.00","29.31","29.49","28.82","28.05M","-1.73%"
"05/23/2023","29.51","30.05","30.19","29.49","29.40M","-2.54%"
"05/22/2023","30.28","29.85","30.45","29.82","28.69M","1.17%"
"05/19/2023","29.93","29.60","30.24","29.50","40.68M","0.84%"
"05/18/2023","29.68","29.00","29.76","28.87","36.53M","2.81%"
"05/17/2023","28.87","29.52","29.56","28.68","41.67M","-1.20%"
"05/16/2023","29.22","29.62","29.90","29.21","22.81M","-1.95%"
"05/15/2023","29.80","28.90","29.83","28.88","28.72M","2.94%"
"05/12/2023","28.95","29.02","29.10","28.72","24.15M","0.31%"
"05/11/2023","28.86","29.60","29.68","28.82","47.14M","-3.70%"
"05/10/2023","29.97","30.29","30.40","29.49","40.53M","-0.43%"
"05/09/2023","30.10","30.38","30.58","29.91","30.71M","-2.18%"
"05/08/2023","30.77","30.70","30.84","30.39","30.88M","-0.71%"
"05/05/2023","30.99","31.38","31.41","30.73","35.03M","-0.80%"
"05/04/2023","31.24","30.43","31.72","30.38","46.10M","1.92%"
"05/03/2023","30.65","30.64","31.11","30.25","45.55M","2.96%"
"05/02/2023","29.77","30.30","30.58","29.75","33.46M","-1.75%"
"05/01/2023","30.30","31.11","31.24","30.28","36.92M","-2.45%"
"04/28/2023","31.06","31.98","32.57","30.81","80.25M","4.02%"
"04/27/2023","29.86","28.75","29.94","28.51","60.19M","2.79%"
"04/26/2023","29.05","29.20","29.81","28.83","41.22M","0.59%"
"04/25/2023","28.88","29.44","29.57","28.87","38.29M","-2.63%"
"04/24/2023","29.66","30.13","30.37","29.61","38.73M","-2.11%"
"04/21/2023","30.30","30.84","30.84","30.23","28.66M","-1.81%"
"04/20/2023","30.86","30.76","31.25","30.71","30.26M","-0.93%"
"04/19/2023","31.15","31.10","31.52","31.08","25.75M","-2.14%"
"04/18/2023","31.83","32.43","32.46","31.78","26.04M","-0.96%"
"04/17/2023","32.14","31.95","32.64","31.77","29.60M","0.78%"
"04/14/2023","31.89","32.00","32.24","31.69","24.62M","-0.75%"
"04/13/2023","32.13","31.82","32.43","31.65","29.72M","0.34%"
"04/12/2023","32.02","32.77","32.89","31.96","37.07M","-1.02%"
"04/11/2023","32.35","32.66","33.11","32.32","27.06M","-0.52%"
"04/10/2023","32.52","32.60","32.76","32.20","30.53M","-0.88%"
"04/06/2023","32.81","32.60","33.00","32.46","28.55M","-0.06%"
"04/05/2023","32.83","32.79","32.99","32.33","39.62M","-0.82%"
"04/04/2023","33.10","32.85","33.84","32.84","55.71M","0.64%"
"04/03/2023","32.89","32.94","33.56","32.54","57.04M","0.67%"
"03/31/2023","32.67","31.80","32.90","31.73","59.77M","1.81%"
"03/30/2023","32.09","31.85","32.58","31.81","70.08M","1.81%"
"03/29/2023","31.52","29.77","31.89","29.75","85.56M","7.61%"
"03/28/2023","29.29","29.08","29.33","28.63","37.41M","0.38%"
"03/27/2023","29.18","29.37","29.73","29.08","34.76M","-0.61%"
"03/24/2023","29.36","29.04","29.81","28.92","55.93M","1.14%"
"03/23/2023","29.03","28.38","29.16","28.22","43.79M","3.20%"
"03/22/2023","28.13","28.48","29.12","28.10","37.42M","-1.16%"
"03/21/2023","28.46","29.00","29.17","27.98","55.65M","-2.40%"
"03/20/2023","29.16","29.80","29.90","28.63","38.78M","-2.18%"
"03/17/2023","29.81","29.92","31.00","29.44","80.63M","-1.23%"
"03/16/2023","30.18","28.39","30.27","28.39","75.80M","6.23%"
"03/15/2023","28.41","27.73","28.50","27.66","49.32M","1.43%"
"03/14/2023","28.01","27.35","28.10","27.25","47.69M","3.93%"
"03/13/2023","26.95","26.74","27.31","26.61","50.98M","-0.99%"
"03/10/2023","27.22","26.55","27.52","26.32","65.19M","2.95%"
"03/09/2023","26.44","25.98","26.98","25.97","54.89M","1.77%"
"03/08/2023","25.98","25.56","26.01","25.45","36.07M","1.76%"
"03/07/2023","25.53","25.84","25.99","25.50","43.17M","-1.77%"
"03/06/2023","25.99","26.47","26.54","25.93","37.88M","-1.55%"
"03/03/2023","26.40","26.20","26.48","26.01","36.75M","0.76%"
"03/02/2023","26.20","25.21","26.30","25.12","48.38M","3.43%"
"03/01/2023","25.33","25.03","25.92","24.97","47.82M","1.60%"
"02/28/2023","24.93","24.94","25.12","24.73","50.26M","0.12%"
"02/27/2023","24.90","25.55","25.58","24.88","37.66M","-0.95%"
"02/24/2023","25.14","25.22","25.35","24.92","44.09M","-1.84%"
"02/23/2023","25.61","25.78","26.08","25.32","56.47M","0.55%"
"02/22/2023","25.47","25.91","26.90","25.30","89.20M","-2.26%"
"02/21/2023","26.06","27.11","27.27","26.04","63.67M","-5.61%"
"02/17/2023","27.61","28.00","28.07","27.38","32.09M","-2.09%"
"02/16/2023","28.20","28.50","28.83","28.13","28.97M","-2.25%"
"02/15/2023","28.85","28.36","28.88","28.16","23.39M","0.73%"
"02/14/2023","28.64","28.38","28.72","27.99","27.93M","0.32%"
"02/13/2023","28.55","27.87","28.55","27.72","32.35M","2.70%"
"02/10/2023","27.80","27.63","27.99","27.33","31.23M","0.25%"
"02/09/2023","27.73","28.68","28.82","27.57","43.91M","-1.81%"
"02/08/2023","28.24","28.95","29.12","28.21","36.48M","-2.79%"
"02/07/2023","29.05","28.65","29.27","28.43","50.78M","1.25%"
"02/06/2023","28.69","29.55","29.65","28.61","48.73M","-5.38%"
"02/03/2023","30.32","29.62","31.17","29.53","57.60M","0.43%"
"02/02/2023","30.19","29.25","30.30","28.80","62.23M","3.85%"
"02/01/2023","29.07","27.89","29.43","27.68","63.33M","2.87%"
"01/31/2023","28.26","27.78","28.29","27.53","52.62M","1.11%"
"01/30/2023","27.95","27.72","28.51","27.67","55.15M","-0.75%"
"01/27/2023","28.16","27.07","28.24","26.78","148.55M","-6.41%"
"01/26/2023","30.09","30.06","30.11","29.33","56.09M","1.31%"
"01/25/2023","29.70","29.52","29.89","29.17","28.27M","-0.74%"
"01/24/2023","29.92","29.94","30.19","29.73","24.86M","-1.16%"
"01/23/2023","30.27","29.33","30.49","29.18","38.80M","3.59%"
"01/20/2023","29.22","28.42","29.23","28.25","35.16M","2.81%"
"01/19/2023","28.42","28.61","28.75","28.24","36.89M","-1.35%"
"01/18/2023","28.81","29.80","29.82","28.63","44.20M","-2.67%"
"01/17/2023","29.60","30.18","30.26","29.52","34.76M","-1.69%"
"01/13/2023","30.11","29.97","30.17","29.81","31.36M","-0.59%"
"01/12/2023","30.29","29.98","30.38","29.47","28.96M","1.47%"
"01/11/2023","29.85","29.68","29.88","29.00","30.38M","1.39%"
"01/10/2023","29.44","29.24","29.51","28.92","23.01M","0.44%"
"01/09/2023","29.31","28.84","29.86","28.84","37.49M","2.02%"
"01/06/2023","28.73","27.93","28.83","27.38","31.79M","4.25%"
"01/05/2023","27.56","27.43","27.78","27.38","33.55M","-0.43%"
"01/04/2023","27.68","27.41","27.92","27.16","37.67M","3.55%"
"01/03/2023","26.73","27.05","27.07","26.37","31.31M","1.14%"
"12/30/2022","26.43","25.90","26.46","25.80","31.03M","0.84%"
"12/29/2022","26.21","25.77","26.29","25.75","30.95M","2.62%"
"12/28/2022","25.54","25.84","26.11","25.50","26.18M","-1.54%"
"12/27/2022","25.94","25.84","26.10","25.65","29.55M","-0.57%"
"12/23/2022","26.09","25.92","26.19","25.68","23.60M","0.46%"
"12/22/2022","25.97","26.45","26.45","25.35","47.48M","-3.21%"
"12/21/2022","26.83","26.59","26.97","26.58","28.10M","1.48%"
"12/20/2022","26.44","26.53","26.87","26.42","31.86M","-1.31%"
"12/19/2022","26.79","26.90","26.97","26.50","37.66M","-0.48%"
"12/16/2022","26.92","27.00","27.14","26.45","81.10M","-0.85%"
"12/15/2022","27.15","27.94","28.00","27.12","45.68M","-3.93%"
"12/14/2022","28.26","28.51","29.12","28.01","37.14M","-1.64%"
"12/13/2022","28.73","29.79","30.09","28.37","58.55M","0.14%"
"12/12/2022","28.69","28.13","28.71","27.86","35.12M","1.59%"
"12/09/2022","28.24","28.39","28.78","28.19","25.64M","-0.70%"
"12/08/2022","28.44","28.32","28.60","28.07","28.49M","0.39%"
"12/07/2022","28.33","28.28","28.55","28.15","28.24M","-0.94%"
"12/06/2022","28.60","29.19","29.31","28.34","27.70M","-1.95%"
"12/05/2022","29.17","29.42","29.75","28.89","34.04M","-0.82%"
"12/02/2022","29.41","29.17","29.43","28.71","31.55M","-1.41%"
"12/01/2022","29.83","30.24","30.48","29.52","38.90M","-0.80%"
"11/30/2022","30.07","28.77","30.08","28.22","72.07M","4.05%"
"11/29/2022","28.90","28.85","29.18","28.74","24.36M","0.61%"
"11/28/2022","28.73","29.10","29.19","28.54","28.28M","-2.10%"
"11/25/2022","29.34","29.68","29.68","29.33","11.32M","-1.11%"
"11/23/2022","29.67","29.73","30.08","29.49","23.14M","-0.50%"
"11/22/2022","29.82","29.14","29.86","29.06","25.58M","3.04%"
"11/21/2022","28.94","29.66","29.72","28.91","36.09M","-3.11%"
"11/18/2022","29.87","30.26","30.26","29.61","27.12M","-0.07%"
"11/17/2022","29.89","29.07","29.95","29.00","31.99M","1.22%"
"11/16/2022","29.53","30.11","30.23","29.44","35.58M","-3.84%"
"11/15/2022","30.71","31.09","31.33","30.17","40.93M","1.19%"
"11/14/2022","30.35","30.34","30.99","30.18","39.40M","-0.26%"
"11/11/2022","30.43","28.92","30.63","28.87","49.83M","2.25%"
"11/10/2022","29.76","28.88","29.83","28.65","62.94M","8.14%"
"11/09/2022","27.52","28.22","28.30","27.52","30.55M","-3.37%"
"11/08/2022","28.48","28.75","28.95","27.93","36.26M","0.25%"
"11/07/2022","28.41","28.36","28.47","27.89","34.39M","0.74%"
"11/04/2022","28.20","27.57","28.24","27.41","43.05M","2.96%"
"11/03/2022","27.39","27.45","27.88","27.17","39.68M","-0.11%"
"11/02/2022","27.42","28.27","28.85","27.41","51.96M","-3.11%"
"11/01/2022","28.30","28.80","28.85","27.89","44.42M","-0.46%"
"10/31/2022","28.43","29.08","29.18","28.05","59.51M","-2.20%"
"10/28/2022","29.07","28.17","29.22","27.86","91.70M","10.66%"
"10/27/2022","26.27","27.45","27.59","26.13","56.31M","-3.45%"
"10/26/2022","27.21","27.19","27.80","26.99","37.15M","-0.73%"
"10/25/2022","27.41","27.18","27.56","27.00","32.21M","0.85%"
"10/24/2022","27.18","26.75","27.48","26.52","43.83M","0.78%"
"10/21/2022","26.97","25.85","27.05","25.79","53.06M","3.41%"
"10/20/2022","26.08","26.15","26.95","25.94","33.25M","0.31%"
"10/19/2022","26.00","25.73","26.25","25.69","33.88M","0.50%"
"10/18/2022","25.87","26.74","26.95","25.54","51.13M","-2.08%"
"10/17/2022","26.42","26.31","26.75","26.17","39.42M","1.97%"
"10/14/2022","25.91","26.46","26.63","25.76","48.19M","-1.93%"
"10/13/2022","26.42","24.73","26.84","24.59","62.45M","4.30%"
"10/12/2022","25.33","25.05","25.52","24.66","39.63M","1.16%"
"10/11/2022","25.04","25.01","25.48","24.69","48.13M","-0.63%"
"10/10/2022","25.20","25.94","25.99","25.09","43.41M","-2.02%"
"10/07/2022","25.72","26.17","26.27","25.65","57.22M","-5.37%"
"10/06/2022","27.18","27.44","27.76","27.00","33.99M","-1.66%"
"10/05/2022","27.64","27.36","27.84","26.89","30.12M","-0.22%"
"10/04/2022","27.70","27.43","27.80","27.09","42.43M","2.71%"
"10/03/2022","26.97","26.33","27.25","26.07","44.10M","4.66%"
"09/30/2022","25.77","26.30","26.57","25.74","43.82M","-2.31%"
"09/29/2022","26.38","26.78","26.78","26.18","41.83M","-2.76%"
"09/28/2022","27.13","26.86","27.28","26.60","40.43M","0.89%"
"09/27/2022","26.89","27.40","27.59","26.62","44.12M","-0.30%"
"09/26/2022","26.97","27.56","27.70","26.86","44.79M","-2.00%"
"09/23/2022","27.52","27.90","27.90","27.19","43.49M","-1.96%"
"09/22/2022","28.07","28.40","28.50","28.04","36.09M","-1.40%"
"09/21/2022","28.47","29.15","29.59","28.46","39.98M","-1.69%"
"09/20/2022","28.96","29.07","29.16","28.71","31.13M","-1.63%"
"09/19/2022","29.44","29.02","29.50","28.90","33.15M","0.68%"
"09/16/2022","29.24","28.70","29.32","28.42","72.75M","1.39%"
"09/15/2022","28.84","29.15","29.41","28.71","39.92M","-1.17%"
"09/14/2022","29.18","29.55","29.77","29.01","40.77M","-0.38%"
"09/13/2022","29.29","30.83","30.93","29.25","71.42M","-7.19%"
"09/12/2022","31.56","31.73","31.86","31.10","38.31M","0.32%"
"09/09/2022","31.46","31.19","31.50","31.07","34.08M","2.31%"
"09/08/2022","30.75","30.37","30.85","29.91","37.36M","0.33%"
"09/07/2022","30.65","30.42","30.79","30.05","37.33M","0.96%"
"09/06/2022","30.36","31.39","31.39","30.33","46.99M","-2.75%"
"09/02/2022","31.22","32.21","32.38","31.06","34.89M","-1.70%"
"09/01/2022","31.76","31.57","31.82","31.13","36.44M","-0.50%"
"08/31/2022","31.92","32.38","32.38","31.77","44.07M","-1.05%"
"08/30/2022","32.26","33.04","33.07","32.15","40.18M","-2.06%"
"08/29/2022","32.94","33.23","33.41","32.81","32.98M","-1.26%"
"08/26/2022","33.36","34.95","35.02","33.35","44.85M","-4.39%"
"08/25/2022","34.89","33.87","34.93","33.82","29.80M","3.04%"
"08/24/2022","33.86","33.97","33.99","33.60","25.11M","-0.27%"
"08/23/2022","33.95","33.98","34.39","33.91","30.69M","0.33%"
"08/22/2022","33.84","35.00","35.06","33.73","51.01M","-4.35%"
"08/19/2022","35.38","35.80","36.02","35.19","31.43M","-2.27%"
"08/18/2022","36.20","35.68","36.33","35.57","24.60M","1.17%"
"08/17/2022","35.78","35.81","36.08","35.27","29.18M","-1.13%"
"08/16/2022","36.19","36.16","36.58","35.70","25.00M","-0.41%"
"08/15/2022","36.34","36.10","36.43","35.71","25.40M","0.64%"
"08/12/2022","36.11","35.80","36.14","35.67","37.68M","1.46%"
"08/11/2022","35.59","35.64","36.29","35.48","35.57M","0.62%"
"08/10/2022","35.37","34.99","35.40","34.59","42.24M","2.46%"
"08/09/2022","34.52","35.22","35.30","34.40","48.20M","-2.43%"
"08/08/2022","35.38","35.36","35.96","35.20","41.60M","-0.03%"
"08/05/2022","35.39","35.34","35.69","35.18","40.21M","-0.76%"
"08/04/2022","35.66","36.01","36.10","35.36","54.05M","-2.35%"
"08/03/2022","36.52","36.09","36.59","35.26","59.51M","1.42%"
"08/02/2022","36.01","36.59","36.66","36.00","53.93M","-2.57%"
"08/01/2022","36.96","36.05","37.69","36.05","52.51M","1.79%"
"07/29/2022","36.31","35.60","36.62","35.24","125.29M","-8.56%"
"07/28/2022","39.71","40.09","40.12","39.04","56.66M","-1.17%"
"07/27/2022","40.18","39.27","40.42","39.23","42.57M","3.13%"
"07/26/2022","38.96","39.10","39.56","38.88","35.93M","-0.51%"
"07/25/2022","39.16","39.28","39.41","38.55","32.26M","-0.10%"
"07/22/2022","39.20","40.37","40.51","38.94","41.35M","-3.47%"
"07/21/2022","40.61","40.51","40.65","39.82","29.66M","0.12%"
"07/20/2022","40.56","40.21","40.67","39.56","36.39M","0.85%"
"07/19/2022","40.22","39.32","40.73","39.24","53.10M","3.90%"
"07/18/2022","38.71","39.10","39.34","38.52","30.81M","0.23%"
"07/15/2022","38.62","38.27","38.67","37.73","32.89M","2.41%"
"07/14/2022","37.71","36.99","38.16","36.29","36.69M","1.34%"
"07/13/2022","37.21","36.68","37.43","36.62","27.06M","0.00%"
"07/12/2022","37.21","37.65","37.70","36.99","30.55M","0.03%"
"07/11/2022","37.20","37.66","37.67","37.03","25.95M","-2.08%"
"07/08/2022","37.99","37.66","38.14","37.39","22.57M","-0.39%"
"07/07/2022","38.14","37.89","38.33","37.73","33.17M","3.11%"
"07/06/2022","36.99","36.82","37.42","36.46","26.26M","0.82%"
"07/05/2022","36.69","35.93","36.74","35.54","33.23M","0.96%"
"07/01/2022","36.34","37.09","37.20","35.88","40.60M","-2.86%"
"06/30/2022","37.41","37.21","38.00","36.73","35.14M","0.32%"
"06/29/2022","37.29","37.54","37.59","37.02","25.44M","-1.30%"
"06/28/2022","37.78","38.58","39.02","37.74","37.84M","-2.20%"
"06/27/2022","38.63","38.87","39.06","38.47","29.59M","0.05%"
"06/24/2022","38.61","37.84","38.64","37.74","38.16M","3.21%"
"06/23/2022","37.41","37.61","37.62","36.91","30.16M","0.08%"
"06/22/2022","37.38","37.33","37.77","37.22","32.59M","-0.93%"
"06/21/2022","37.73","37.36","38.02","37.33","34.00M","2.06%"
"06/17/2022","36.97","37.48","38.12","36.60","71.39M","-0.99%"
"06/16/2022","37.34","37.70","37.79","36.93","45.58M","-3.39%"
"06/15/2022","38.65","38.56","39.17","37.92","37.65M","1.90%"
"06/14/2022","37.93","38.01","38.20","37.54","31.35M","0.42%"
"06/13/2022","37.77","38.55","38.81","37.67","50.34M","-3.60%"
"06/10/2022","39.18","39.85","40.08","39.18","43.08M","-2.07%"
"06/09/2022","40.01","41.01","41.35","40.01","39.05M","-2.96%"
"06/08/2022","41.23","42.25","42.26","41.03","59.65M","-5.28%"
"06/07/2022","43.53","43.06","43.59","42.66","25.17M","0.44%"
"06/06/2022","43.34","43.81","44.04","43.08","25.44M","-0.12%"
"06/03/2022","43.39","44.10","44.25","43.34","33.17M","-3.23%"
"06/02/2022","44.84","44.19","44.88","43.94","28.73M","1.65%"
"06/01/2022","44.11","44.77","44.93","43.52","29.89M","-0.70%"
"05/31/2022","44.42","44.25","44.75","43.65","41.11M","-0.29%"
"05/27/2022","44.55","43.59","44.55","43.55","30.55M","2.46%"
"05/26/2022","43.48","42.17","43.68","42.08","28.83M","3.03%"
"05/25/2022","42.20","41.44","42.52","41.39","26.28M","1.27%"
"05/24/2022","41.67","41.70","41.89","41.10","29.84M","-0.79%"
"05/23/2022","42.00","41.69","42.25","41.33","27.20M","0.84%"
"05/20/2022","41.65","42.24","42.29","40.31","44.80M","-0.86%"
"05/19/2022","42.01","42.32","42.70","41.72","29.18M","-0.80%"
"05/18/2022","42.35","43.98","43.98","42.22","35.22M","-4.62%"
"05/17/2022","44.40","43.82","44.42","43.65","28.60M","3.06%"
"05/16/2022","43.08","43.42","43.61","42.78","25.07M","-1.19%"
"05/13/2022","43.60","43.42","43.84","42.97","32.03M","1.77%"
"05/12/2022","42.84","42.73","42.91","42.01","42.33M","0.02%"
"05/11/2022","42.83","44.02","44.29","42.78","40.35M","-2.68%"
"05/10/2022","44.01","44.35","44.73","43.50","42.77M","2.18%"
"05/09/2022","43.07","43.81","44.20","42.87","44.93M","-2.78%"
"05/06/2022","44.30","44.49","45.15","43.84","40.92M","-0.67%"
"05/05/2022","44.60","45.60","45.91","44.13","53.00M","-4.17%"
"05/04/2022","46.54","45.06","46.64","44.41","44.63M","3.28%"
"05/03/2022","45.06","44.79","45.49","44.23","40.16M","0.22%"
"05/02/2022","44.96","43.72","44.99","43.51","45.45M","3.14%"
"04/29/2022","43.59","44.99","45.36","43.50","70.77M","-6.94%"
"04/28/2022","46.84","45.78","47.27","45.54","41.10M","3.58%"
"04/27/2022","45.22","45.48","46.06","45.01","28.32M","-0.66%"
"04/26/2022","45.52","46.69","46.84","45.51","35.36M","-3.27%"
"04/25/2022","47.06","46.21","47.14","46.18","36.00M","1.12%"
"04/22/2022","46.54","47.45","47.65","46.50","28.22M","-2.02%"
"04/21/2022","47.50","48.62","48.90","47.40","27.32M","-1.27%"
"04/20/2022","48.11","48.36","48.75","47.98","22.79M","0.38%"
"04/19/2022","47.93","46.60","48.00","46.34","31.48M","2.77%"
"04/18/2022","46.64","45.53","46.89","45.52","25.59M","2.12%"
"04/14/2022","45.67","46.74","46.75","45.62","36.18M","-2.85%"
"04/13/2022","47.01","46.75","47.27","46.55","22.17M","1.10%"
"04/12/2022","46.50","47.32","47.91","46.41","29.86M","-0.15%"
"04/11/2022","46.57","46.90","47.30","46.53","30.35M","-0.96%"
"04/08/2022","47.02","47.28","47.58","46.84","22.17M","-1.14%"
"04/07/2022","47.56","47.42","47.91","46.77","24.12M","0.04%"
"04/06/2022","47.54","47.44","48.17","47.24","31.52M","-1.23%"
"04/05/2022","48.13","48.83","48.98","48.02","25.78M","-2.17%"
"04/04/2022","49.20","48.17","49.23","47.91","23.81M","2.27%"
"04/01/2022","48.11","49.83","49.90","47.33","46.60M","-2.93%"
"03/31/2022","49.56","51.20","51.26","49.51","43.70M","-3.64%"
"03/30/2022","51.43","52.25","52.51","51.22","24.62M","-1.57%"
"03/29/2022","52.25","52.00","52.29","51.27","27.30M","1.44%"
"03/28/2022","51.51","51.36","51.57","50.56","22.93M","-0.62%"
"03/25/2022","51.83","50.69","51.98","50.45","33.25M","0.41%"
"03/24/2022","51.62","48.66","51.65","48.59","51.68M","6.94%"
"03/23/2022","48.27","48.46","49.58","48.06","37.13M","-0.25%"
"03/22/2022","48.39","47.50","48.47","47.40","27.92M","2.11%"
"03/21/2022","47.39","47.46","47.89","47.06","32.91M","-0.13%"
"03/18/2022","47.45","46.82","47.60","46.35","46.24M","0.66%"
"03/17/2022","47.14","46.32","47.29","45.73","28.55M","1.09%"
"03/16/2022","46.63","45.30","46.63","45.27","38.89M","4.06%"
"03/15/2022","44.81","44.50","44.90","44.07","34.45M","0.92%"
"03/14/2022","44.40","45.90","45.98","44.30","35.99M","-3.12%"
"03/11/2022","45.83","47.15","47.27","45.77","27.08M","-1.78%"
"03/10/2022","46.66","47.29","47.31","46.16","36.46M","-2.04%"
"03/09/2022","47.63","48.41","48.46","46.88","36.08M","0.27%"
"03/08/2022","47.50","47.69","48.72","46.89","44.81M","-0.38%"
"03/07/2022","47.68","48.01","48.54","47.60","43.81M","-0.81%"
"03/04/2022","48.07","47.37","48.27","47.37","38.32M","0.29%"
"03/03/2022","47.93","48.18","48.55","47.62","36.39M","-1.92%"
"03/02/2022","48.87","47.52","48.99","47.48","46.94M","4.38%"
"03/01/2022","46.82","47.54","47.90","46.22","53.85M","-1.84%"
"02/28/2022","47.70","47.00","47.82","46.85","41.95M","-0.02%"
"02/25/2022","47.71","46.93","47.79","46.25","39.27M","2.12%"
"02/24/2022","46.72","43.90","46.79","43.62","72.74M","4.64%"
"02/23/2022","44.65","45.17","45.71","44.55","38.18M","-0.09%"
"02/22/2022","44.69","44.69","45.41","43.85","57.09M","-0.78%"
"02/18/2022","45.04","46.19","46.21","44.51","76.52M","-5.32%"
"02/17/2022","47.57","47.86","48.26","47.38","32.03M","-1.37%"
"02/16/2022","48.23","48.06","48.49","47.60","26.02M","-0.43%"
"02/15/2022","48.44","47.70","48.46","47.19","35.86M","1.81%"
"02/14/2022","47.58","47.92","48.18","47.11","28.46M","-0.10%"
"02/11/2022","47.63","48.95","49.11","47.50","37.21M","-2.52%"
"02/10/2022","48.86","49.18","49.93","48.76","32.76M","-2.10%"
"02/09/2022","49.91","49.33","49.97","48.83","35.22M","2.25%"
"02/08/2022","48.81","47.98","48.94","47.90","28.05M","1.31%"
"02/07/2022","48.18","48.13","48.66","47.96","27.56M","0.35%"
"02/04/2022","48.01","47.86","48.24","47.13","32.43M","-0.56%"
"02/03/2022","48.28","49.25","49.69","48.25","42.15M","-2.48%"
"02/02/2022","49.51","48.24","49.58","48.09","37.96M","1.14%"
"02/01/2022","48.95","48.77","49.03","48.36","35.39M","0.27%"
"01/31/2022","48.82","47.68","48.87","47.30","51.83M","2.28%"
"01/28/2022","47.73","47.71","48.20","46.30","61.95M","-0.67%"
"01/27/2022","48.05","49.98","50.06","47.78","89.64M","-7.04%"
"01/26/2022","51.69","51.13","52.72","50.75","54.90M","1.35%"
"01/25/2022","51.00","51.01","51.62","50.25","44.10M","-1.81%"
"01/24/2022","51.94","51.48","52.13","49.88","64.27M","-0.19%"
"01/21/2022","52.04","52.08","53.13","51.95","46.37M","0.00%"
"01/20/2022","52.04","53.86","54.09","51.94","28.58M","-2.95%"
"01/19/2022","53.62","54.63","54.85","53.56","30.60M","-2.08%"
"01/18/2022","54.76","55.31","55.65","54.68","35.33M","-1.69%"
"01/14/2022","55.70","54.85","55.77","54.53","30.15M","1.38%"
"01/13/2022","54.94","56.00","56.21","54.77","29.61M","-1.44%"
"01/12/2022","55.74","56.14","56.28","54.81","29.14M","-0.30%"
"01/11/2022","55.91","55.50","56.08","54.73","39.80M","1.27%"
"01/10/2022","55.21","53.97","55.31","53.31","49.26M","3.31%"
"01/07/2022","53.44","54.19","54.39","53.15","30.72M","-1.06%"
"01/06/2022","54.01","54.61","54.67","53.41","35.76M","0.26%"
"01/05/2022","53.87","54.19","56.17","53.83","59.11M","1.37%"
"01/04/2022","53.14","53.57","53.94","52.65","45.68M","-0.13%"
"01/03/2022","53.21","51.65","53.23","51.60","33.89M","3.32%"
"12/31/2021","51.50","51.89","52.16","51.46","16.32M","-0.46%"
"12/30/2021","51.74","51.92","52.14","51.65","18.36M","-0.17%"
"12/29/2021","51.83","51.81","52.14","51.66","14.17M","0.14%"
"12/28/2021","51.76","51.93","52.12","51.63","19.29M","-0.35%"
"12/27/2021","51.94","51.35","52.06","51.30","20.99M","1.23%"
"12/23/2021","51.31","51.08","51.73","51.05","25.20M","0.67%"
"12/22/2021","50.97","50.64","51.02","50.21","23.31M","0.39%"
"12/21/2021","50.77","49.94","50.84","49.94","31.96M","2.36%"
"12/20/2021","49.60","49.91","50.13","48.96","30.14M","-2.02%"
"12/17/2021","50.62","50.59","51.02","50.01","50.19M","-0.41%"
"12/16/2021","50.83","50.74","51.40","50.58","33.13M","0.32%"
"12/15/2021","50.67","49.87","50.78","49.33","32.59M","1.95%"
"12/14/2021","49.70","49.82","50.27","49.32","34.12M","-0.60%"
"12/13/2021","50.00","50.85","51.02","49.95","35.73M","-1.17%"
"12/10/2021","50.59","50.84","51.07","50.05","23.78M","0.22%"
"12/09/2021","50.48","51.30","51.59","50.43","31.69M","-2.45%"
"12/08/2021","51.75","52.57","52.88","51.38","37.14M","-1.56%"
"12/07/2021","52.57","54.66","55.00","52.21","91.73M","3.10%"
"12/06/2021","50.99","49.48","51.21","49.18","40.34M","3.53%"
"12/03/2021","49.25","49.67","50.06","48.76","32.22M","-0.51%"
"12/02/2021","49.50","48.61","49.79","48.33","37.24M","1.85%"
"12/01/2021","48.60","49.84","50.31","48.52","35.13M","-1.22%"
"11/30/2021","49.20","49.50","50.40","48.68","49.46M","-1.60%"
"11/29/2021","50.00","49.30","50.13","48.72","31.48M","2.50%"
"11/26/2021","48.78","48.90","49.17","48.12","25.27M","-1.97%"
"11/24/2021","49.76","48.85","49.78","48.63","26.04M","1.34%"
"11/23/2021","49.10","50.16","50.45","48.64","44.71M","-1.46%"
"11/22/2021","49.83","49.55","50.85","49.41","33.39M","0.63%"
"11/19/2021","49.52","49.60","49.73","49.24","27.61M","-0.32%"
"11/18/2021","49.68","50.24","50.24","48.97","30.67M","-1.09%"
"11/17/2021","50.23","50.60","50.94","49.98","23.55M","-0.75%"
"11/16/2021","50.61","50.37","51.15","50.34","30.93M","0.58%"
"11/15/2021","50.32","50.41","50.63","50.12","24.70M","0.02%"
"11/12/2021","50.31","50.59","50.90","50.18","23.88M","-0.44%"
"11/11/2021","50.53","51.01","51.07","50.41","25.42M","-0.45%"
"11/10/2021","50.76","50.98","51.39","50.71","25.04M","-0.86%"
"11/09/2021","51.20","51.54","51.77","50.77","22.51M","-0.68%"
"11/08/2021","51.55","51.46","51.99","51.06","31.65M","1.24%"
"11/05/2021","50.92","50.55","51.58","50.54","36.82M","1.21%"
"11/04/2021","50.31","50.24","50.35","49.73","24.81M","-0.16%"
"11/03/2021","50.39","49.93","50.45","49.71","23.96M","1.06%"
"11/02/2021","49.86","49.61","49.90","49.23","27.19M","0.63%"
"11/01/2021","49.55","49.40","49.60","49.00","28.01M","1.12%"
"10/29/2021","49.00","48.10","49.28","47.92","42.30M","1.91%"
"10/28/2021","48.08","48.14","48.36","47.88","31.32M","0.40%"
"10/27/2021","47.89","48.52","48.82","47.87","41.08M","-0.81%"
"10/26/2021","48.28","49.40","49.44","47.93","68.41M","-2.29%"
"10/25/2021","49.41","49.83","50.07","49.31","43.18M","-0.10%"
"10/22/2021","49.46","50.39","50.55","49.14","109.97M","-11.68%"
"10/21/2021","56.00","54.92","56.07","54.83","38.39M","1.14%"
"10/20/2021","55.37","55.25","55.48","55.08","16.85M","0.29%"
"10/19/2021","55.21","54.63","55.22","54.37","18.39M","1.36%"
"10/18/2021","54.47","54.19","54.56","53.72","22.41M","0.02%"
"10/15/2021","54.46","54.20","54.49","53.81","25.23M","1.04%"
"10/14/2021","53.90","52.90","54.00","52.73","26.59M","3.14%"
"10/13/2021","52.26","52.38","52.58","51.87","18.53M","0.17%"
"10/12/2021","52.17","53.57","53.72","52.01","32.78M","-2.38%"
"10/11/2021","53.44","53.81","54.41","53.42","14.40M","-0.69%"
"10/08/2021","53.81","54.55","54.58","53.70","16.07M","-0.68%"
"10/07/2021","54.18","54.32","54.98","54.12","20.70M","0.37%"
"10/06/2021","53.98","53.48","54.07","53.07","20.06M","0.06%"
"10/05/2021","53.95","53.55","54.34","53.48","18.13M","0.90%"
"10/04/2021","53.47","53.93","54.33","53.08","27.35M","-0.72%"
"10/01/2021","53.86","53.65","54.10","53.05","19.90M","1.09%"
"09/30/2021","53.28","53.76","53.98","53.26","20.53M","-0.39%"
"09/29/2021","53.49","54.00","54.05","53.18","20.51M","-0.94%"
"09/28/2021","54.00","54.18","54.59","53.96","24.69M","-1.21%"
"09/27/2021","54.66","53.94","54.87","53.82","13.90M","0.81%"
"09/24/2021","54.22","53.77","54.42","53.73","12.98M","0.35%"
"09/23/2021","54.03","53.75","54.30","53.60","16.47M","0.99%"
"09/22/2021","53.50","53.40","53.87","53.00","18.59M","1.19%"
"09/21/2021","52.87","53.20","53.45","52.83","17.97M","-0.21%"
"09/20/2021","52.98","53.21","53.50","52.32","35.05M","-2.36%"
"09/17/2021","54.26","54.59","54.59","53.66","35.36M","-1.04%"
"09/16/2021","54.83","54.86","54.95","54.24","19.86M","-0.53%"
"09/15/2021","55.12","54.67","55.15","54.42","18.80M","1.10%"
"09/14/2021","54.52","55.37","55.44","54.27","22.07M","-0.85%"
"09/13/2021","54.99","54.61","55.48","54.41","22.64M","2.14%"
"09/10/2021","53.84","53.85","54.98","53.81","20.32M","0.82%"
"09/09/2021","53.40","53.66","53.89","53.34","13.50M","-0.32%"
"09/08/2021","53.57","53.73","53.92","52.99","18.24M","-0.15%"
"09/07/2021","53.65","53.57","53.95","53.44","13.91M","0.26%"
"09/03/2021","53.51","53.44","54.08","53.32","13.47M","-0.41%"
"09/02/2021","53.73","53.80","53.89","53.35","15.88M","0.11%"
"09/01/2021","53.67","54.11","54.16","53.53","18.62M","-0.72%"
"08/31/2021","54.06","54.44","54.50","53.66","22.35M","0.22%"
"08/30/2021","53.94","54.26","54.87","53.76","14.58M","0.09%"
"08/27/2021","53.89","53.36","53.94","52.92","16.52M","1.43%"
"08/26/2021","53.13","53.74","53.74","52.97","19.57M","-1.26%"
"08/25/2021","53.81","54.08","54.23","53.73","15.05M","0.00%"
"08/24/2021","53.81","53.55","53.97","53.31","20.35M","1.09%"
"08/23/2021","53.23","52.59","53.53","52.48","23.98M","2.35%"
"08/20/2021","52.01","52.16","52.38","51.42","25.73M","-0.82%"
"08/19/2021","52.44","52.05","52.67","51.58","23.00M","0.48%"
"08/18/2021","52.19","52.60","53.03","52.11","15.06M","-0.95%"
"08/17/2021","52.69","53.17","53.18","52.22","22.01M","-1.46%"
"08/16/2021","53.47","53.23","53.49","53.00","17.69M","-0.04%"
"08/13/2021","53.49","53.50","53.55","53.05","15.28M","-0.09%"
"08/12/2021","53.54","54.17","54.18","53.26","15.07M","-1.11%"
"08/11/2021","54.14","54.26","54.36","53.84","18.59M","0.37%"
"08/10/2021","53.94","54.24","54.38","53.51","16.22M","-0.20%"
"08/09/2021","54.05","54.08","54.41","53.83","14.67M","0.24%"
"08/06/2021","53.92","53.86","54.13","53.73","19.26M","0.06%"
"08/05/2021","53.89","53.99","54.02","53.58","15.31M","-0.02%"
"08/04/2021","53.90","54.25","54.44","53.70","17.61M","-0.30%"
"08/03/2021","54.06","53.89","54.16","53.26","16.38M","0.71%"
"08/02/2021","53.68","53.99","54.47","53.53","18.10M","-0.07%"
"07/30/2021","53.72","53.65","53.90","53.25","16.47M","0.04%"
"07/29/2021","53.70","53.48","54.10","53.32","16.89M","1.19%"
"07/28/2021","53.07","53.03","53.92","52.94","28.48M","-0.21%"
"07/27/2021","53.18","53.12","53.20","52.31","39.88M","-2.08%"
"07/26/2021","54.31","52.81","54.54","52.76","32.88M","2.47%"
"07/23/2021","53.00","54.58","54.71","52.32","67.74M","-5.29%"
"07/22/2021","55.96","56.06","56.54","55.68","36.69M","-0.48%"
"07/21/2021","56.23","55.18","56.28","55.01","18.50M","1.79%"
"07/20/2021","55.24","54.91","55.56","54.27","19.87M","1.10%"
"07/19/2021","54.64","54.41","54.80","53.97","27.01M","-0.60%"
"07/16/2021","54.97","56.05","56.93","54.90","25.26M","-1.51%"
"07/15/2021","55.81","56.40","56.40","55.57","18.92M","-1.26%"
"07/14/2021","56.52","57.17","57.45","56.33","16.26M","-0.62%"
"07/13/2021","56.87","56.62","57.30","56.34","15.72M","0.25%"
"07/12/2021","56.73","56.26","56.76","56.11","15.39M","1.32%"
"07/09/2021","55.99","55.51","56.10","55.31","18.71M","1.08%"
"07/08/2021","55.39","55.31","55.72","54.79","19.16M","-1.02%"
"07/07/2021","55.96","56.37","56.45","55.70","14.86M","-0.23%"
"07/06/2021","56.09","56.92","57.01","55.70","26.19M","-1.18%"
"07/02/2021","56.76","56.55","56.99","56.32","17.22M","1.34%"
"07/01/2021","56.01","56.13","56.64","55.87","24.87M","-0.23%"
"06/30/2021","56.14","56.34","56.38","55.39","29.89M","-1.07%"
"06/29/2021","56.75","57.55","57.83","55.88","26.36M","-1.27%"
"06/28/2021","57.48","56.36","57.73","56.34","22.48M","2.81%"
"06/25/2021","55.91","56.02","56.41","55.74","21.10M","-0.29%"
"06/24/2021","56.07","55.49","56.10","55.34","21.21M","1.47%"
"06/23/2021","55.26","55.87","55.97","55.23","20.29M","-1.09%"
"06/22/2021","55.87","55.94","56.28","55.50","18.68M","0.00%"
"06/21/2021","55.87","55.75","56.04","55.37","19.25M","0.36%"
"06/18/2021","55.67","56.68","56.75","55.10","55.12M","-2.64%"
"06/17/2021","57.18","57.05","57.90","56.70","21.50M","-0.07%"
"06/16/2021","57.22","58.15","58.37","56.77","21.88M","-1.33%"
"06/15/2021","57.99","58.21","58.41","57.80","20.81M","-0.34%"
"06/14/2021","58.19","58.02","58.20","57.23","21.78M","0.59%"
"06/11/2021","57.85","57.47","57.94","56.95","18.12M","0.82%"
"06/10/2021","57.38","57.15","58.03","56.92","26.74M","0.67%"
"06/09/2021","57.00","57.36","57.48","56.97","13.90M","0.00%"
"06/08/2021","57.00","57.45","57.64","56.60","33.25M","-0.16%"
"06/07/2021","57.09","57.41","57.44","56.77","17.36M","-0.49%"
"06/04/2021","57.37","56.55","57.75","56.54","21.49M","2.01%"
"06/03/2021","56.24","56.98","57.10","56.09","21.83M","-2.16%"
"06/02/2021","57.48","56.91","57.69","56.76","18.48M","1.04%"
"06/01/2021","56.89","57.61","57.82","56.59","20.33M","-0.40%"
"05/28/2021","57.12","57.55","57.65","56.94","20.31M","-1.06%"
"05/27/2021","57.73","57.11","57.88","57.00","32.39M","1.42%"
"05/26/2021","56.92","57.05","57.23","56.59","15.17M","0.09%"
"05/25/2021","56.87","57.56","57.56","56.42","22.31M","-0.16%"
"05/24/2021","56.96","56.65","57.39","56.40","19.16M","1.57%"
"05/21/2021","56.08","56.42","56.71","55.98","17.72M","0.23%"
"05/20/2021","55.95","55.57","56.24","55.36","23.15M","1.07%"
"05/19/2021","55.36","54.07","55.43","53.84","23.77M","0.95%"
"05/18/2021","54.84","55.95","56.14","54.80","18.70M","-0.89%"
"05/17/2021","55.33","55.29","55.89","54.76","20.01M","-0.04%"
"05/14/2021","55.35","54.60","55.85","54.26","28.16M","2.48%"
"05/13/2021","54.01","54.04","54.39","53.46","29.19M","0.73%"
"05/12/2021","53.62","54.39","54.65","53.42","30.23M","-2.58%"
"05/11/2021","55.04","55.05","55.63","54.30","35.97M","-1.66%"
"05/10/2021","55.97","57.15","57.23","55.88","35.05M","-2.95%"
"05/07/2021","57.67","57.70","58.01","57.24","19.96M","0.84%"
"05/06/2021","57.19","56.62","57.25","56.24","25.53M","0.60%"
"05/05/2021","56.85","56.96","57.30","56.46","21.00M","-0.09%"
"05/04/2021","56.90","56.88","56.98","55.81","35.32M","-0.63%"
"05/03/2021","57.26","57.85","57.88","56.84","22.28M","-0.47%"
"04/30/2021","57.53","57.61","58.43","57.07","30.73M","-1.29%"
"04/29/2021","58.28","57.88","58.30","57.47","23.29M","1.15%"
"04/28/2021","57.62","57.52","58.16","57.15","30.39M","-0.60%"
"04/27/2021","57.97","58.55","58.63","57.77","38.17M","-1.34%"
"04/26/2021","58.76","59.10","59.52","58.46","39.65M","-0.81%"
"04/23/2021","59.24","59.16","60.00","57.90","77.52M","-5.32%"
"04/22/2021","62.57","63.35","63.91","62.28","38.26M","-1.77%"
"04/21/2021","63.70","62.79","63.77","62.30","24.36M","1.59%"
"04/20/2021","62.70","63.64","63.76","62.41","19.87M","-1.46%"
"04/19/2021","63.63","64.70","64.74","63.07","24.00M","-1.73%"
"04/16/2021","64.75","65.33","65.52","64.57","24.63M","-0.42%"
"04/15/2021","65.02","63.97","65.22","63.68","24.93M","1.29%"
"04/14/2021","64.19","65.31","65.38","63.84","25.77M","-1.58%"
"04/13/2021","65.22","65.61","65.63","64.21","26.82M","-0.29%"
"04/12/2021","65.41","68.20","68.49","64.71","51.27M","-4.18%"
"04/09/2021","68.26","66.80","68.40","66.63","27.18M","1.80%"
"04/08/2021","67.05","66.97","67.29","66.36","22.22M","1.21%"
"04/07/2021","66.25","65.67","66.57","65.36","17.79M","1.05%"
"04/06/2021","65.56","66.06","66.58","65.29","28.77M","-1.47%"
"04/05/2021","66.54","64.95","66.74","64.70","27.95M","3.08%"
"04/01/2021","64.55","64.72","64.89","63.58","31.42M","0.86%"
"03/31/2021","64.00","64.01","64.49","63.58","33.01M","0.36%"
"03/30/2021","63.77","63.77","64.00","63.15","20.71M","-1.13%"
"03/29/2021","64.50","64.01","65.12","63.61","26.16M","-0.57%"
"03/26/2021","64.87","61.80","64.97","61.77","34.71M","4.60%"
"03/25/2021","62.02","61.66","62.44","60.98","35.40M","-0.03%"
"03/24/2021","62.04","66.58","67.44","61.99","74.58M","-2.27%"
"03/23/2021","63.48","66.00","66.05","63.17","35.16M","-3.28%"
"03/22/2021","65.63","64.82","66.38","64.56","34.38M","2.93%"
"03/19/2021","63.76","63.18","64.99","62.92","54.95M","0.05%"
"03/18/2021","63.73","65.63","65.70","63.65","30.11M","-3.12%"
"03/17/2021","65.78","64.22","66.29","63.71","32.39M","1.54%"
"03/16/2021","64.78","64.15","65.73","64.08","30.19M","1.55%"
"03/15/2021","63.79","63.61","63.88","62.48","21.25M","1.41%"
"03/12/2021","62.90","62.65","63.30","62.24","20.17M","-0.65%"
"03/11/2021","63.31","62.94","64.09","62.39","30.70M","1.70%"
"03/10/2021","62.25","63.22","64.12","62.13","27.16M","-0.67%"
"03/09/2021","62.67","61.18","63.16","60.84","36.39M","4.71%"
"03/08/2021","59.85","60.47","61.70","59.72","33.11M","-1.47%"
"03/05/2021","60.74","59.26","61.17","58.51","39.51M","4.13%"
"03/04/2021","58.33","59.83","60.23","57.91","40.21M","-2.62%"
"03/03/2021","59.90","60.64","61.52","59.70","28.74M","-2.19%"
"03/02/2021","61.24","62.80","63.14","61.11","23.32M","-2.61%"
"03/01/2021","62.88","61.72","63.08","61.65","28.50M","3.46%"
"02/26/2021","60.78","60.89","61.69","59.68","38.22M","0.63%"
"02/25/2021","60.40","62.41","63.54","60.13","36.39M","-4.42%"
"02/24/2021","63.19","60.53","63.28","60.38","24.67M","3.39%"
"02/23/2021","61.12","60.48","61.49","59.17","27.37M","0.68%"
"02/22/2021","60.71","61.88","62.70","60.66","32.29M","-3.65%"
"02/19/2021","63.01","61.91","63.26","61.85","28.29M","2.27%"
"02/18/2021","61.61","60.65","61.98","60.64","17.85M","-0.39%"
"02/17/2021","61.85","61.49","62.19","61.21","21.07M","-0.99%"
"02/16/2021","62.47","62.00","62.87","61.70","26.33M","1.07%"
"02/12/2021","61.81","60.60","62.51","60.43","26.21M","1.90%"
"02/11/2021","60.66","59.09","60.99","58.86","27.54M","3.06%"
"02/10/2021","58.86","59.30","59.42","58.12","16.33M","0.14%"
"02/09/2021","58.78","58.77","59.31","57.94","28.75M","-0.64%"
"02/08/2021","59.16","58.38","59.22","57.95","34.36M","1.68%"
"02/05/2021","58.18","59.00","59.08","58.12","23.43M","-1.04%"
"02/04/2021","58.79","57.61","58.88","57.19","29.85M","1.92%"
"02/03/2021","57.68","57.89","58.33","57.38","21.89M","-0.55%"
"02/02/2021","58.00","57.19","58.28","56.88","23.58M","2.31%"
"02/01/2021","56.69","55.95","57.39","55.71","26.93M","2.13%"
"01/29/2021","55.51","55.98","57.16","55.35","37.26M","-0.98%"
"01/28/2021","56.06","54.79","57.40","54.70","49.20M","4.61%"
"01/27/2021","53.59","54.61","54.85","53.30","49.72M","-2.93%"
"01/26/2021","55.21","55.27","56.20","54.85","31.49M","-0.41%"
"01/25/2021","55.44","56.38","56.50","54.06","61.97M","-2.15%"
"01/22/2021","56.66","58.85","59.62","56.65","85.73M","-9.29%"
"01/21/2021","62.46","59.04","63.95","58.22","87.16M","6.46%"
"01/20/2021","58.67","58.24","59.22","58.09","28.70M","1.17%"
"01/19/2021","57.99","57.94","58.34","57.10","35.65M","0.71%"
"01/15/2021","57.58","58.85","59.65","57.50","50.27M","-2.82%"
"01/14/2021","59.25","58.45","60.14","57.84","74.68M","4.04%"
"01/13/2021","56.95","59.50","60.25","56.90","124.07M","6.97%"
"01/12/2021","53.24","51.90","53.85","51.56","39.88M","3.30%"
"01/11/2021","51.54","51.29","52.24","51.25","32.93M","-0.21%"
"01/08/2021","51.65","52.45","52.53","51.27","34.63M","-1.03%"
"01/07/2021","52.19","51.49","52.69","51.30","32.09M","2.13%"
"01/06/2021","51.10","50.44","52.15","50.20","36.81M","0.97%"
"01/05/2021","50.61","49.45","50.83","49.33","24.87M","1.89%"
"01/04/2021","49.67","49.89","51.39","49.40","46.10M","-0.30%"
"12/31/2020","49.82","48.75","50.19","48.72","28.58M","2.19%"